Create table product (product_id varchar(10) primary key, product_name varchar(20), manufacturer_name
char(20), product_rate number(9,4), sell_price number(9,4),product_description varchar(25));



Create table client (client_id varchar(10) primary key, client_name char(20),address varchar(15), city
char(15),pin number(8), state char(15),bal_due number(9,4));



Create table salesman (salesman_id varchar(10) primary key, salesman_name char(20),address varchar(15), city
char(15),pin number(8), state char(15),salary number(9,4));



Create table sales_order_details (sales_order_no varchar(10) primary key, sales_order_date date, client_id
varchar(10) references client(client_id), salesman_id varchar(10) references salesman(salesman_id) ,
bill_payby_party char(5), delivery_date date, product_rate number(9,4), tot_quantity_order
number(8),cancel_date date default NULL);


DESCRIBE PRODUCT;

DESCRIBE CLIENT;

DESCRIBE SALESMAN;

DESCRIBE SALES_ORDER_DETAILS;



INSERT INTO PRODUCT(PRODUCT_ID, PRODUCT_NAME, MANUFACTURER_NAME, PRODUCT_RATE, SELL_PRICE, PRODUCT_DESCRIPTION) 
VALUES('p001','lux_soap','Lux_international',15.67,20.43,'soap');

INSERT INTO PRODUCT(PRODUCT_ID, PRODUCT_NAME, MANUFACTURER_NAME, PRODUCT_RATE, SELL_PRICE, PRODUCT_DESCRIPTION) 
VALUES('p002','copy','times_copy_org',14.80,16.40,'copy');

INSERT INTO PRODUCT(PRODUCT_ID, PRODUCT_NAME, MANUFACTURER_NAME, PRODUCT_RATE, SELL_PRICE, PRODUCT_DESCRIPTION) 
VALUES('p003','marry_biscuit','marigold_org',2218.80,2220.40,'buiskit');

INSERT INTO PRODUCT(PRODUCT_ID, PRODUCT_NAME, MANUFACTURER_NAME, PRODUCT_RATE, SELL_PRICE, PRODUCT_DESCRIPTION) 
VALUES('p004','mitsubisi_pen','pen_international',2015.67,2120.43,'pen');

INSERT INTO PRODUCT(PRODUCT_ID, PRODUCT_NAME, MANUFACTURER_NAME, PRODUCT_RATE, SELL_PRICE, PRODUCT_DESCRIPTION) 
VALUES('p005','learn_books','book_world',5104.80,5116.40,'book');

INSERT INTO PRODUCT(PRODUCT_ID, PRODUCT_NAME, MANUFACTURER_NAME, PRODUCT_RATE, SELL_PRICE, PRODUCT_DESCRIPTION) 
VALUES('p006','tata_steel','tata_org',5118.80,5120.40,'tata');

INSERT INTO PRODUCT(PRODUCT_ID, PRODUCT_NAME, MANUFACTURER_NAME, PRODUCT_RATE, SELL_PRICE, PRODUCT_DESCRIPTION) 
VALUES('p007','seagate hdd','seaget_world',5104.80,5116.40,'HDD1034');

INSERT INTO PRODUCT(PRODUCT_ID, PRODUCT_NAME, MANUFACTURER_NAME, PRODUCT_RATE, SELL_PRICE, PRODUCT_DESCRIPTION) 
VALUES('p008','dvd writer','frontec_org',5118.80,5120.40,'DVDRW');



INSERT INTO CLIENT (CLIENT_ID, CLIENT_NAME, ADDRESS, CITY, PIN, STATE, BAL_DUE) 
VALUES('cn01001', 'alak roy', 'b.d.para', 'amarpur', 799101, 'tripura', 390.9);

INSERT INTO CLIENT (CLIENT_ID, CLIENT_NAME, ADDRESS, CITY, PIN, STATE, BAL_DUE) 
VALUES('cn01002', 'suman roy', 'puk para', 'agartala', 799102, 'tripura', 2390.9);

INSERT INTO CLIENT (CLIENT_ID, CLIENT_NAME, ADDRESS, CITY, PIN, STATE, BAL_DUE) 
VALUES('cn01004', 'priya das', 'chora para', 'kamalpur', 799301, 'tripura', 1390.9);

INSERT INTO CLIENT (CLIENT_ID, CLIENT_NAME, ADDRESS, CITY, PIN, STATE, BAL_DUE) 
VALUES('cn01005', 'mita mia', 'kamal para', 'singur', 799721, 'tripura', 190.9);

INSERT INTO CLIENT (CLIENT_ID, CLIENT_NAME, ADDRESS, CITY, PIN, STATE, BAL_DUE) 
VALUES('cn01006', 'pulak roy', 'bircity', 'sonitpur', 799141, 'assam', 110.9);

INSERT INTO CLIENT (CLIENT_ID, CLIENT_NAME, ADDRESS, CITY, PIN, STATE, BAL_DUE) 
VALUES('cn01007', 'munni das', 'nappam', 'sonitpur', 799152, 'assam', 190.9);

INSERT INTO CLIENT (CLIENT_ID, CLIENT_NAME, ADDRESS, CITY, PIN, STATE, BAL_DUE) 
VALUES('cn01008', 'kusum roy', 'city_dos', 'tezpur', 799141, 'assam', 110.9);

INSERT INTO CLIENT (CLIENT_ID, CLIENT_NAME, ADDRESS, CITY, PIN, STATE, BAL_DUE) 
VALUES('cn01009', 'mina das', 'pachmile', 'tezpur', 799152, 'assam', 190.9);

INSERT INTO CLIENT (CLIENT_ID, CLIENT_NAME, ADDRESS, CITY, PIN, STATE, BAL_DUE) 
VALUES('cn01003', 'moytree nayak', 'pachmile', 'tezpur', 799152, 'assam', 9990.9);

INSERT INTO CLIENT (CLIENT_ID, CLIENT_NAME, ADDRESS, CITY, PIN, STATE, BAL_DUE) 
VALUES('cn01010', 'pauri mia', 'pachmile', 'tezpur', 799152, 'assam', 2990.9);

INSERT INTO CLIENT (CLIENT_ID, CLIENT_NAME, ADDRESS, CITY, PIN, STATE, BAL_DUE) 
VALUES('cn01011', 'manali das', 'satmile', 'tezpur', 799154, 'assam', 3990.9);



INSERT INTO SALESMAN (SALESMAN_ID, SALESMAN_NAME, ADDRESS, CITY, PIN, STATE, SALARY) 
VALUES('s001', 'Rohan das', 'nappam', 'Tezpur', 79970, 'Assam', 8000);

INSERT INTO SALESMAN (SALESMAN_ID, SALESMAN_NAME, ADDRESS, CITY, PIN, STATE, SALARY) 
VALUES('s002', 'Rohan das', 'nappam', 'Tezpur', 799170, 'Assam', 8000);

INSERT INTO SALESMAN (SALESMAN_ID, SALESMAN_NAME, ADDRESS, CITY, PIN, STATE, SALARY) 
VALUES('s003', 'Smita das', 'nirjuli', 'itanagar', 799701, 'Arunachal', 9000);

INSERT INTO SALESMAN (SALESMAN_ID, SALESMAN_NAME, ADDRESS, CITY, PIN, STATE, SALARY) 
VALUES('s004', 'Kabir bora', 'nappam', 'Tezpur', 799703, 'Assam', 8500);

INSERT INTO SALESMAN (SALESMAN_ID, SALESMAN_NAME, ADDRESS, CITY, PIN, STATE, SALARY) 
VALUES('s005', 'Neha singh', 'borbota', 'sonitpur', 795970, 'assam', 9600);

INSERT INTO SALESMAN (SALESMAN_ID, SALESMAN_NAME, ADDRESS, CITY, PIN, STATE, SALARY) 
VALUES('s006', 'Priya agarwal', 'gandhi road', '32 distric', 799750, 'delhi', 9900);

INSERT INTO SALESMAN (SALESMAN_ID, SALESMAN_NAME, ADDRESS, CITY, PIN, STATE, SALARY) 
VALUES('s007', 'Ashok Paul', 'filmcity', 'munnabari', 799740, 'mumbai', 8900);



INSERT INTO SALES_ORDER_DETAILS (SALES_ORDER_NO, SALES_ORDER_DATE, CLIENT_ID, SALESMAN_ID, BILL_PAYBY_PARTY, DELIVERY_DATE, PRODUCT_RATE, TOT_QUANTITY_ORDER, CANCEL_DATE) 
VALUES('on01001', '01-aug-2008', 'cn01001', 's001', 'yes', '20-aug-2008', 2220.40, 50, NULL);

INSERT INTO SALES_ORDER_DETAILS (SALES_ORDER_NO, SALES_ORDER_DATE, CLIENT_ID, SALESMAN_ID, BILL_PAYBY_PARTY, DELIVERY_DATE, PRODUCT_RATE, TOT_QUANTITY_ORDER, CANCEL_DATE) 
VALUES('on01002', '12-aug-2008', 'cn01004', 's001', 'yes', '23-aug-2008', 2220.40, 15, NULL);

INSERT INTO SALES_ORDER_DETAILS (SALES_ORDER_NO, SALES_ORDER_DATE, CLIENT_ID, SALESMAN_ID, BILL_PAYBY_PARTY, DELIVERY_DATE, PRODUCT_RATE, TOT_QUANTITY_ORDER, CANCEL_DATE) 
VALUES('on01003', '12-aug-2008', 'cn01005', 's003', 'yes', '26-aug-2008', 2220.40, 10, NULL);

INSERT INTO SALES_ORDER_DETAILS (SALES_ORDER_NO, SALES_ORDER_DATE, CLIENT_ID, SALESMAN_ID, BILL_PAYBY_PARTY, DELIVERY_DATE, PRODUCT_RATE, TOT_QUANTITY_ORDER, CANCEL_DATE) 
VALUES('on01004', '13-aug-2008', 'cn01004', 's001', 'yes', '20-aug-2008', 2220.40, 15, NULL);

INSERT INTO SALES_ORDER_DETAILS (SALES_ORDER_NO, SALES_ORDER_DATE, CLIENT_ID, SALESMAN_ID, BILL_PAYBY_PARTY, DELIVERY_DATE, PRODUCT_RATE, TOT_QUANTITY_ORDER, CANCEL_DATE) 
VALUES('on01005', '14-aug-2008', 'cn01002', 's002', 'no', '30-aug-2008', 2220.40, 52, '28-march-2008');

INSERT INTO SALES_ORDER_DETAILS (SALES_ORDER_NO, SALES_ORDER_DATE, CLIENT_ID, SALESMAN_ID, BILL_PAYBY_PARTY, DELIVERY_DATE, PRODUCT_RATE, TOT_QUANTITY_ORDER, CANCEL_DATE) 
VALUES('on01006', '15-aug-2008', 'cn01001', 's001', 'yes', '31-aug-2008', 2220.40, 53, NULL);

INSERT INTO SALES_ORDER_DETAILS (SALES_ORDER_NO, SALES_ORDER_DATE, CLIENT_ID, SALESMAN_ID, BILL_PAYBY_PARTY, DELIVERY_DATE, PRODUCT_RATE, TOT_QUANTITY_ORDER, CANCEL_DATE) 
VALUES('on01007', '16-jan-2008', 'cn01003', 's004', 'yes', '28-aug-2008', 2220.40, 54, NULL);

INSERT INTO SALES_ORDER_DETAILS (SALES_ORDER_NO, SALES_ORDER_DATE, CLIENT_ID, SALESMAN_ID, BILL_PAYBY_PARTY, DELIVERY_DATE, PRODUCT_RATE, TOT_QUANTITY_ORDER, CANCEL_DATE) 
VALUES('on01008', '01-feb-2008', 'cn01004', 's003', 'no', '28-aug-2008', 8220.40, 54, '18-march-2008');





SELECT *
FROM PRODUCT;

SELECT *
FROM CLIENT;

SELECT *
FROM SALESMAN;

SELECT *
FROM SALES_ORDER_DETAILS;



-- a
SELECT CLIENT_NAME, CITY
FROM CLIENT;



-- b
SELECT PRODUCT_NAME
FROM PRODUCT;



-- c
SELECT CLIENT_NAME
FROM CLIENT
WHERE CLIENT_NAME LIKE '_a%';



-- d
SELECT *
FROM CLIENT
WHERE CITY IN 'tezpur';



-- e
SELECT *
FROM PRODUCT
WHERE SELL_PRICE > 2000 AND SELL_PRICE <= 5000;



-- f
ALTER TABLE PRODUCT
ADD NEW_PRICE NUMBER(10,2);



-- g
ALTER TABLE SALES_ORDER_DETAILS
RENAME COLUMN PRODUCT_RATE TO NEW_PRODUCT_RATE;



-- h
SELECT *
FROM PRODUCT
ORDER BY PRODUCT_DESCRIPTION;



-- i
SELECT SALES_ORDER_NO, SALES_ORDER_DATE
FROM SALES_ORDER_DETAILS;



-- j
DELETE FROM SALES_ORDER_DETAILS
WHERE DELIVERY_DATE < '25-aug-2008';



-- k
UPDATE SALES_ORDER_DETAILS
SET DELIVERY_DATE = '16-aug-2008'
WHERE SALES_ORDER_NO = 'on01008';



-- l
UPDATE CLIENT
SET BAL_DUE = 1200
WHERE CLIENT_ID = 'cn01003';



-- m
SELECT *
FROM PRODUCT
WHERE PRODUCT_DESCRIPTION = 'HDD1034' OR PRODUCT_DESCRIPTION = 'DVDRW';



-- n
SELECT CLIENT_NAME, CITY, STATE
FROM CLIENT
WHERE STATE NOT IN 'assam';



-- o
SELECT *
FROM SALES_ORDER_DETAILS
WHERE CANCEL_DATE BETWEEN '01-mar-2008' AND '31-mar-2008';




INSERT INTO SALES_ORDER_DETAILS (SALES_ORDER_NO, SALES_ORDER_DATE, CLIENT_ID, SALESMAN_ID, BILL_PAYBY_PARTY, DELIVERY_DATE, NEW_PRODUCT_RATE, TOT_QUANTITY_ORDER, CANCEL_DATE) 
VALUES('on01002', '12-aug-2008', 'cn01004', 's001', 'yes', '23-aug-2008', 2220.40, 15, NULL);

INSERT INTO SALES_ORDER_DETAILS (SALES_ORDER_NO, SALES_ORDER_DATE, CLIENT_ID, SALESMAN_ID, BILL_PAYBY_PARTY, DELIVERY_DATE, NEW_PRODUCT_RATE, TOT_QUANTITY_ORDER, CANCEL_DATE) 
VALUES('on01001', '01-aug-2008', 'cn01001', 's001', 'yes', '20-aug-2008', 2220.40, 50, NULL);

INSERT INTO SALES_ORDER_DETAILS (SALES_ORDER_NO, SALES_ORDER_DATE, CLIENT_ID, SALESMAN_ID, BILL_PAYBY_PARTY, DELIVERY_DATE, NEW_PRODUCT_RATE, TOT_QUANTITY_ORDER, CANCEL_DATE) 
VALUES('on01004', '13-aug-2008', 'cn01004', 's001', 'yes', '20-aug-2008', 2220.40, 15, NULL);

INSERT INTO SALES_ORDER_DETAILS (SALES_ORDER_NO, SALES_ORDER_DATE, CLIENT_ID, SALESMAN_ID, BILL_PAYBY_PARTY, DELIVERY_DATE, NEW_PRODUCT_RATE, TOT_QUANTITY_ORDER, CANCEL_DATE) 
VALUES('on01008', '01-feb-2008', 'cn01004', 's003', 'no', '28-aug-2008', 8220.40, 54, '18-march-2008');